Workbook

Sheet result
A1: チーム名
A2: ボマー
A4: 解いた盤面数 | B4: 合計スコア | C4: paiza サイトでの 実行時間 [sec] | D4: コメント(アピールポイントがあれば文章で記載ください)
A5: 10000 | B5: 9457.035 | C5: 1.1
A7: 記載の仕方：
A8: (1) 1列目：競技用盤面データのうち、時間内に解いた盤面数を記載ください。
A10: (2) 2列目：時間内に解いた各盤面のスコアの合計を記載ください。
A12: (3) 3列目：paize サイトで実行した際の実行時間（paize 実行画面・右下に表示された値）を記載して下さい。paiza 環境の仕様から実行時間の最大値は2秒です。
A13: paiza.IO サイト： | B13: https://paiza.io/ja/projects/new
A14: (4) 4列目：実装上のアピールポイントがあれば記載ください。
A16: (5) score_summaryシート：3列目に各盤面のスコアを記載ください。
A18: 記載例：
A19: 解いた盤面数 | B19: 合計スコア | C19: paiza サイトでの 実行時間 [sec] | D19: コメント(伝えたいことがあれば文章で記載ください)
A20: 1253 | B20: 589.3924 | C20: 1.9
A22: 提出先：
A23: adc.das.sldm@gmail.com より、ADC 事務局宛にお願いします。
A24: また、お困りの場合やその他ご不明点等につきましても、上記ADC 事務局宛にご連絡ください。

Sheet score_summary
A1: No | B1: Board Name | C1: Score | D1: total
A2: 1 | B2: board_8x14_27_1_none | C2: =_xlfn.XLOOKUP(B2, output!A:A,output!E:E,"") -> 0.9629 | D2: =SUM(C2:C10001) -> 9457.035
A3: 2 | B3: board_11x19_31_35_none | C3: =_xlfn.XLOOKUP(B3, output!A:A,output!E:E,"") -> 1
A4: 3 | B4: board_18x14_66_70_none | C4: =_xlfn.XLOOKUP(B4, output!A:A,output!E:E,"") -> 0.9545
A5: 4 | B5: board_19x6_21_151_none | C5: =_xlfn.XLOOKUP(B5, output!A:A,output!E:E,"") -> 0.9523
A6: 5 | B6: board_18x5_18_177_none | C6: =_xlfn.XLOOKUP(B6, output!A:A,output!E:E,"") -> 0.9444
A7: 6 | B7: board_17x6_25_200_none | C7: =_xlfn.XLOOKUP(B7, output!A:A,output!E:E,"") -> 0.96
A8: 7 | B8: board_12x14_37_231_none | C8: =_xlfn.XLOOKUP(B8, output!A:A,output!E:E,"") -> 0.9729
A9: 8 | B9: board_7x19_23_273_none | C9: =_xlfn.XLOOKUP(B9, output!A:A,output!E:E,"") -> 0.913
A10: 9 | B10: board_4x16_19_299_none | C10: =_xlfn.XLOOKUP(B10, output!A:A,output!E:E,"") -> 0.9473
A11: 10 | B11: board_4x6_3_321_none | C11: =_xlfn.XLOOKUP(B11, output!A:A,output!E:E,"") -> 1
A12: 11 | B12: board_7x4_6_325_none | C12: =_xlfn.XLOOKUP(B12, output!A:A,output!E:E,"") -> 0.8333
A13: 12 | B13: board_10x8_21_332_none | C13: =_xlfn.XLOOKUP(B13, output!A:A,output!E:E,"") -> 0.8571
A14: 13 | B14: board_17x19_46_358_none | C14: =_xlfn.XLOOKUP(B14, output!A:A,output!E:E,"") -> 1
... A10001: 10000 | B10001: board_11x8_22_310896_none | C10001: =_xlfn.XLOOKUP(B10001, output!A:A,output!E:E,"") -> 1

Sheet output
A1: board | B1: solved | C1: opened_safe | D1: opened_mines | E1: score | F1: guesses | G1: exact_guesses | H1: approximate_guesses | M1: time(board11) | N1: total_time
A2: board_8x14_27_1_none | B2: 1 | C2: 85 | D2: 1 | E2: 0.9629 | F2: 12 | G2: 11 | H2: 0 | L2: 1 | M2: 0.11 | N2: =SUM(M2:M12) -> 1.1
A3: board_11x19_31_35_none | B3: 1 | C3: 178 | D3: 0 | E3: 1 | F3: 1 | G3: 0 | H3: 0 | L3: 2 | M3: 0.1
A4: board_18x14_66_70_none | B4: 1 | C4: 186 | D4: 3 | E4: 0.9545 | F4: 12 | G4: 11 | H4: 0 | L4: 3 | M4: 0.1
A5: board_19x6_21_151_none | B5: 1 | C5: 93 | D5: 1 | E5: 0.9523 | F5: 4 | G5: 3 | H5: 0 | L5: 4 | M5: 0.09
A6: board_18x5_18_177_none | B6: 1 | C6: 72 | D6: 1 | E6: 0.9444 | F6: 10 | G6: 9 | H6: 0 | L6: 5 | M6: 0.1
A7: board_17x6_25_200_none | B7: 1 | C7: 77 | D7: 1 | E7: 0.96 | F7: 13 | G7: 12 | H7: 0 | L7: 6 | M7: 0.1
A8: board_12x14_37_231_none | B8: 1 | C8: 131 | D8: 1 | E8: 0.9729 | F8: 3 | G8: 2 | H8: 0 | L8: 7 | M8: 0.11
A9: board_7x19_23_273_none | B9: 1 | C9: 110 | D9: 2 | E9: 0.913 | F9: 8 | G9: 7 | H9: 0 | L9: 8 | M9: 0.09
A10: board_4x16_19_299_none | B10: 1 | C10: 45 | D10: 1 | E10: 0.9473 | F10: 11 | G10: 7 | H10: 0 | L10: 9 | M10: 0.11
A11: board_4x6_3_321_none | B11: 1 | C11: 21 | D11: 0 | E11: 1 | F11: 1 | G11: 0 | H11: 0 | L11: 10 | M11: 0.1
A12: board_7x4_6_325_none | B12: 1 | C12: 22 | D12: 1 | E12: 0.8333 | F12: 4 | G12: 3 | H12: 0 | L12: 11 | M12: 0.09
A13: board_10x8_21_332_none | B13: 1 | C13: 59 | D13: 3 | E13: 0.8571 | F13: 8 | G13: 7 | H13: 0
A14: board_17x19_46_358_none | B14: 1 | C14: 277 | D14: 0 | E14: 1 | F14: 1 | G14: 0 | H14: 0
A15: board_18x19_74_408_none | B15: 1 | C15: 268 | D15: 1 | E15: 0.9864 | F15: 7 | G15: 6 | H15: 0
A16: board_19x12_49_496_none | B16: 1 | C16: 179 | D16: 1 | E16: 0.9795 | F16: 6 | G16: 5 | H16: 0
A17: board_18x6_15_552_none | B17: 1 | C17: 93 | D17: 0 | E17: 1 | F17: 1 | G17: 0 | H17: 0
A18: board_12x5_16_570_none | B18: 1 | C18: 44 | D18: 1 | E18: 0.9375 | F18: 12 | G18: 11 | H18: 0
A19: board_11x6_18_590_none | B19: 1 | C19: 48 | D19: 2 | E19: 0.8888 | F19: 12 | G19: 10 | H19: 0
A20: board_5x18_13_613_none | B20: 1 | C20: 77 | D20: 0 | E20: 1 | F20: 3 | G20: 0 | H20: 0
A21: board_4x14_14_628_none | B21: 1 | C21: 42 | D21: 2 | E21: 0.8571 | F21: 8 | G21: 4 | H21: 0
A22: board_9x5_7_645_none | B22: 1 | C22: 38 | D22: 1 | E22: 0.8571 | F22: 2 | G22: 1 | H22: 0
A23: board_16x8_27_654_none | B23: 1 | C23: 101 | D23: 0 | E23: 1 | F23: 7 | G23: 6 | H23: 0
A24: board_17x10_29_686_none | B24: 1 | C24: 141 | D24: 0 | E24: 1 | F24: 7 | G24: 3 | H24: 0
... A10001: board_11x8_22_310896_none | B10001: 1 | C10001: 66 | D10001: 0 | E10001: 1 | F10001: 8 | G10001: 7 | H10001: 0
A10002: boards_processed 10000
A10003: boards_solved 9823
A10004: boards_stalled 177
A10005: safe_opened 1068459
A10006: mines_opened 10783
A10007: total_score 9457.0350
A10008: guess_selections 67425
A10009: exact_guesses 51305
A10010: approx_guesses 53
A10011: enumeration_nodes 27068225
A10012: information_stops 177
A10013: elapsed_ms 1112.787
... A10015: parallel_threads 2
